{
  "code":0,
  "data":[
    {
      "addressId": "100001",
      "userName": "河畔一角",
      "streetName": "北京市朝阳区",
      "postCode": "100001",
      "tel": 17088888888,
      "isDefault": false
    },
    {
      "addressId": "100002",
      "userName": "Jack Ma",
      "streetName": "杭州市西湖区",
      "postCode": "100002",
      "tel": 18099999999,
      "isDefault": true
    },
    {
      "addressId": "100003",
      "userName": "雷军",
      "streetName": "北京市昌平区",
      "postCode": "100003",
      "tel": 16022222222,
      "isDefault": false
    },
    {
      "addressId": "100004",
      "userName": "Robin Li",
      "streetName": "北京市海淀区",
      "postCode": "100004",
      "tel": 15033333333,
      "isDefault": false
    },
    {
      "addressId": "100005",
      "userName": "Pony Ma",
      "streetName": "深圳市南山区",
      "postCode": "100005",
      "tel": 13055555555,
      "isDefault": false
    },
    {
      "addressId": "100006",
      "userName": "刘强东",
      "streetName": "北京市亦庄经济开发区",
      "postCode": "100006",
      "tel": 12055555555,
      "isDefault": false
    }
  ],
  "message":""
}